{"words":[{"fixWord":false,"orientation":"across","clue":"Usado para bater nos tambores e pratos","answer":"baqueta"},{"fixWord":false,"orientation":"across","clue":"Tocado com o p\u00e9","answer":"Bumbo"},{"fixWord":false,"orientation":"across"},{"fixWord":false,"orientation":"across","clue":"Ficam acima das caixas","answer":"Tons"},{"fixWord":false,"orientation":"across","clue":"Pratos usados juntos, para marcar o tempo","answer":"chimbal"},{"fixWord":false,"orientation":"across","clue":"Single stroke, double stroke, paradiddles s\u00e3o nomes de...","answer":"Rudimentos"},{"fixWord":false,"orientation":"across","clue":"T\u00e9cnica de tocar 2x de forma repetida com a mesma m\u00e3o","answer":"Double-stroke"},{"fixWord":false,"orientation":"across","clue":"Um toque leve e um toque acentuado juntos, um &quot;chute&quot; antes da batida principal.","answer":"Flam"},{"fixWord":false,"orientation":"across","clue":"Um toque duplo r\u00e1pido (drag) seguido por um toque acentuado, como um &quot;rufo&quot;.","answer":"Drag"},{"fixWord":false,"orientation":"across","clue":"Aparelho usado para marcar tempo","answer":"Metr\u00f4nomo"},{"fixWord":false,"orientation":"across","clue":"Estrutura r\u00edtmica da m\u00fasica (Ex: 4\/4, 3\/4).","answer":"Compasso"},{"fixWord":false,"orientation":"across","clue":"Toque entre os tempos principais.","answer":"Contratempo"},{"fixWord":false,"orientation":"across","clue":"\u00canfase dada a uma nota espec\u00edfica.","answer":"Acento"},{"fixWord":false,"orientation":"across","clue":"Tocar a pele e a borda da caixa simultaneamente (som potente)."}],"overallFeedback":[{"from":0,"to":100}],"theme":{"backgroundColor":"#173354","gridColor":"#000000","cellBackgroundColor":"#ffffff","cellColor":"#000000","clueIdColor":"#606060","cellBackgroundColorHighlight":"#3e8de8","cellColorHighlight":"#ffffff","clueIdColorHighlight":"#e0e0e0"},"behaviour":{"enableInstantFeedback":false,"scoreWords":true,"applyPenalties":false,"enableRetry":true,"enableSolutionsButton":true,"keepCorrectAnswers":false},"l10n":{"across":"Across","down":"Down","checkAnswer":"Check","submitAnswer":"Submit","tryAgain":"Retry","showSolution":"Show solution","couldNotGenerateCrossword":"Could not generate a crossword with the given words. Please try again with fewer words or words that have more characters in common.","couldNotGenerateCrosswordTooFewWords":"Could not generate a crossword. You need at least two words.","probematicWords":"Some words could not be placed. If you are using fixed words, please make sure that their position doesn&#039;t prevent other words from being placed. Words with the same alignment may not be placed touching each other. Problematic word(s): @words","extraClue":"Extra clue","closeWindow":"Close window"},"a11y":{"crosswordGrid":"Crossword grid. Use arrow keys to navigate and the keyboard to enter characters. Alternatively, use Tab to navigate to type the answers in Fill in the Blanks style fields instead of the grid.","column":"Column","row":"Row","across":"Across","down":"Down","empty":"Empty","resultFor":"Result for: @clue","correct":"Correct","wrong":"Wrong","point":"point","solutionFor":"For @clue the solution is: @solution","extraClueFor":"Open extra clue for @clue","letterSevenOfNine":"Letter @position of @length","lettersWord":"@length letter word","check":"Check the characters. The responses will be marked as correct, incorrect, or unanswered.","showSolution":"Show the solution. The crossword will be filled with its correct solution.","retry":"Retry the task. Reset all responses and start the task over again.","yourResult":"You got @score out of @total points"},"taskDescription":""}