{
  "title": "Crossword",
  "description": "Crossword puzzle for H5P",
  "majorVersion": 0,
  "minorVersion": 5,
  "patchVersion": 13,
  "runnable": 1,
  "author": "Language Training Center GmbH, Oliver Tacke",
  "license": "MIT",
  "machineName": "H5P.Crossword",
  "embedTypes": [
    "iframe"
  ],
  "preloadedJs": [
    {
      "path": "dist/h5p-crossword.js"
    }
  ],
  "preloadedCss": [
    {
      "path": "dist/h5p-crossword.css"
    }
  ],
  "preloadedDependencies": [
    {
      "machineName": "H5P.Question",
      "majorVersion": 1,
      "minorVersion": 5
    },
    {
      "machineName": "H5P.JoubelUI",
      "majorVersion": 1,
      "minorVersion": 3
    },
    {
      "machineName": "H5P.Image",
      "majorVersion": 1,
      "minorVersion": 1
    },
    {
      "machineName": "H5P.MaterialDesignIcons",
      "majorVersion": 1,
      "minorVersion": 0
    }
  ],
  "editorDependencies": [
    {
      "machineName": "H5PEditor.VerticalTabs",
      "majorVersion": 1,
      "minorVersion": 3
    },
    {
      "machineName": "H5PEditor.RangeList",
      "majorVersion": 1,
      "minorVersion": 0
    },
    {
      "machineName": "H5PEditor.ShowWhen",
      "majorVersion": 1,
      "minorVersion": 0
    },
    {
      "machineName": "H5PEditor.ColorSelector",
      "majorVersion": 1,
      "minorVersion": 3
    }
  ]
}
